TP,FP,FN,TN,Recall,Precision,F-Measure,Specificity,RAND,NMI
13032,32,6677,3104009,0.66122076,0.99755052,0.7952888,0.99998969,0.99785226,0.75676894
