TP,FP,FN,TN,Recall,Precision,F-Measure,Specificity,RAND,NMI
28427,33,35176,12408879,0.44694433,0.99884048,0.61755537,0.99999734,0.99717707,0.65379195
