TP,FP,FN,TN,Recall,Precision,F-Measure,Specificity,RAND,NMI
14103,572,8085,12459746,0.63561385,0.96102215,0.76515747,0.99995409,0.99930647,0.75467286
