TP,FP,FN,TN,Recall,Precision,F-Measure,Specificity,RAND,NMI
7004,90,3906,3112750,0.64197984,0.98731322,0.77804932,0.99997109,0.99872077,0.76684147
