TP,FP,FN,TN,Recall,Precision,F-Measure,Specificity,RAND,NMI
2573,279,1797,3121601,0.58878719,0.90217391,0.712545,0.99991063,0.99933595,0.82215244
