TP,FP,FN,TN,Recall,Precision,F-Measure,Specificity,RAND,NMI
5583,1009,11041,12479867,0.33583975,0.84693568,0.48096141,0.99991916,0.99903581,0.77809085
